Workbook

Sheet Overall Results
B2: ID | C2: Player | D2: Team | E2: Position | F2: Status | G2: Age | H2: Salary | I2: FP/G
B3: *02b70* | C3: Nikita Kucherov | D3: TBL | E3: RW | F3: Abby | G3: 32 | H3: 7629757 | I3: 9.2602341
B4: *03d12* | C4: David Pastrnak | D4: BOS | E4: RW | F4: Daniel | G4: 29 | H4: 6948604 | I4: 8.9336226
B5: *02yjj* | C5: William Nylander | D5: TOR | E5: RW | F5: Murica | G5: 29 | H5: 3771000 | I5: 8.384284
B6: *02f9l* | C6: Nathan MacKinnon | D6: COL | E6: C | F6: Joel | G6: 30 | H6: 7995000 | I6: 8.3543043
B7: *03e1m* | C7: Brayden Point | D7: TBL | E7: C | F7: Jason | G7: 29 | H7: 6859000 | I7: 7.9792498
B8: *04bdb* | C8: Jack Hughes | D8: NJD | E8: C,LW | F8: Jason | G8: 24 | H8: 5077787 | I8: 7.9790869
B9: *02un4* | C9: Connor McDavid | D9: EDM | E9: C | F9: Joel | G9: 28 | H9: 7501530 | I9: 7.8543637
B10: *03jxy* | C10: Auston Matthews | D10: TOR | E10: C | F10: Adam | G10: 28 | H10: 6287000 | I10: 7.7526758
B11: *02yjl* | C11: Leon Draisaitl | D11: EDM | E11: C,LW | F11: Seth | G11: 29 | H11: 7800000 | I11: 7.6407303
B12: *04dwj* | C12: Jason Robertson | D12: DAL | E12: LW | F12: Nate | G12: 26 | H12: 3568000 | I12: 7.5766417
B13: *02fzm* | C13: Filip Forsberg | D13: NSH | E13: LW | F13: Logan | G13: 31 | H13: 4168521 | I13: 7.41802
B14: *004cq* | C14: Alex Ovechkin | D14: WSH | E14: LW,RW | F14: Logan | G14: 40 | H14: 3016000 | I14: 7.3698841
... B648: *04f18* | C648: Jonas Rondbjerg | D648: VGK | E648: RW | F648: W <small>(Mon)</small> | G648: 26 | H648: 750000 | I648: 0.65970864

Sheet C
B2: Replacement Rank: | C2: =14*4 -> 56
B3: Replacement Player: | C3: Shane Pinto
B5: Name | C5: FP/G | D5: Rank | E5: Above R
B6: {=_xlfn._xlws.FILTER(Table1[Player], ISNUMBER(SEARCH("C", Table1[Position])))} -> Nathan MacKinnon | C6: =VLOOKUP(B6,Table1[[Player]:[FP/G]],7,FALSE) -> 8.3543043 | D6: =COUNT($C$6:C6) -> 1 | E6: =C6-VLOOKUP($C$3,$B$6:$D$187,2,FALSE) -> 3.9371458
B7: Brayden Point | C7: =VLOOKUP(B7,Table1[[Player]:[FP/G]],7,FALSE) -> 7.9792498 | D7: =COUNT($C$6:C7) -> 2 | E7: =C7-VLOOKUP($C$3,$B$6:$D$187,2,FALSE) -> 3.5620913
B8: Jack Hughes | C8: =VLOOKUP(B8,Table1[[Player]:[FP/G]],7,FALSE) -> 7.9790869 | D8: =COUNT($C$6:C8) -> 3 | E8: =C8-VLOOKUP($C$3,$B$6:$D$187,2,FALSE) -> 3.5619284
B9: Connor McDavid | C9: =VLOOKUP(B9,Table1[[Player]:[FP/G]],7,FALSE) -> 7.8543637 | D9: =COUNT($C$6:C9) -> 4 | E9: =C9-VLOOKUP($C$3,$B$6:$D$187,2,FALSE) -> 3.4372052
B10: Auston Matthews | C10: =VLOOKUP(B10,Table1[[Player]:[FP/G]],7,FALSE) -> 7.7526758 | D10: =COUNT($C$6:C10) -> 5 | E10: =C10-VLOOKUP($C$3,$B$6:$D$187,2,FALSE) -> 3.3355173
B11: Leon Draisaitl | C11: =VLOOKUP(B11,Table1[[Player]:[FP/G]],7,FALSE) -> 7.6407303 | D11: =COUNT($C$6:C11) -> 6 | E11: =C11-VLOOKUP($C$3,$B$6:$D$187,2,FALSE) -> 3.2235718
B12: Jack Eichel | C12: =VLOOKUP(B12,Table1[[Player]:[FP/G]],7,FALSE) -> 7.1064373 | D12: =COUNT($C$6:C12) -> 7 | E12: =C12-VLOOKUP($C$3,$B$6:$D$187,2,FALSE) -> 2.6892788
B13: Nick Suzuki | C13: =VLOOKUP(B13,Table1[[Player]:[FP/G]],7,FALSE) -> 6.8616835 | D13: =COUNT($C$6:C13) -> 8 | E13: =C13-VLOOKUP($C$3,$B$6:$D$187,2,FALSE) -> 2.444525
B14: Dylan Larkin | C14: =VLOOKUP(B14,Table1[[Player]:[FP/G]],7,FALSE) -> 6.8572889 | D14: =COUNT($C$6:C14) -> 9 | E14: =C14-VLOOKUP($C$3,$B$6:$D$187,2,FALSE) -> 2.4401304
B15: Mark Scheifele | C15: =VLOOKUP(B15,Table1[[Player]:[FP/G]],7,FALSE) -> 6.8328583 | D15: =COUNT($C$6:C15) -> 10 | E15: =C15-VLOOKUP($C$3,$B$6:$D$187,2,FALSE) -> 2.4156998
B16: Nazem Kadri | C16: =VLOOKUP(B16,Table1[[Player]:[FP/G]],7,FALSE) -> 6.8201709 | D16: =COUNT($C$6:C16) -> 11 | E16: =C16-VLOOKUP($C$3,$B$6:$D$187,2,FALSE) -> 2.4030124
B17: Aleksander Barkov | C17: =VLOOKUP(B17,Table1[[Player]:[FP/G]],7,FALSE) -> 6.7622525 | D17: =COUNT($C$6:C17) -> 12 | E17: =C17-VLOOKUP($C$3,$B$6:$D$187,2,FALSE) -> 2.345094
B18: Tage Thompson | C18: =VLOOKUP(B18,Table1[[Player]:[FP/G]],7,FALSE) -> 6.728856 | D18: =COUNT($C$6:C18) -> 13 | E18: =C18-VLOOKUP($C$3,$B$6:$D$187,2,FALSE) -> 2.3116975
... B187: Joona Koppanen | C187: =VLOOKUP(B187,Table1[[Player]:[FP/G]],7,FALSE) -> 0.82911252 | D187: =COUNT($C$6:C187) -> 182 | E187: =C187-VLOOKUP($C$3,$B$6:$D$187,2,FALSE) -> -3.588046

Sheet LW
B2: Replacement Rank: | C2: =14*4 -> 56
B3: Replacement Player: | C3: Anders Lee
B5: Name | C5: FP/G | D5: Rank | E5: Above R
B6: {=_xlfn._xlws.FILTER(Table1[Player], ISNUMBER(SEARCH("LW", Table1[Position])))} -> Jack Hughes | C6: =VLOOKUP(B6,Table1[[Player]:[FP/G]],7,FALSE) -> 7.9790869 | D6: =COUNT($C$6:C6) -> 1 | E6: =C6-VLOOKUP($C$3,$B$6:$D$187,2,FALSE) -> 3.3453811
B7: Leon Draisaitl | C7: =VLOOKUP(B7,Table1[[Player]:[FP/G]],7,FALSE) -> 7.6407303 | D7: =COUNT($C$6:C7) -> 2 | E7: =C7-VLOOKUP($C$3,$B$6:$D$187,2,FALSE) -> 3.0070245
B8: Jason Robertson | C8: =VLOOKUP(B8,Table1[[Player]:[FP/G]],7,FALSE) -> 7.5766417 | D8: =COUNT($C$6:C8) -> 3 | E8: =C8-VLOOKUP($C$3,$B$6:$D$187,2,FALSE) -> 2.9429359
B9: Filip Forsberg | C9: =VLOOKUP(B9,Table1[[Player]:[FP/G]],7,FALSE) -> 7.41802 | D9: =COUNT($C$6:C9) -> 4 | E9: =C9-VLOOKUP($C$3,$B$6:$D$187,2,FALSE) -> 2.7843142
B10: Alex Ovechkin | C10: =VLOOKUP(B10,Table1[[Player]:[FP/G]],7,FALSE) -> 7.3698841 | D10: =COUNT($C$6:C10) -> 5 | E10: =C10-VLOOKUP($C$3,$B$6:$D$187,2,FALSE) -> 2.7361783
B11: Matt Boldy | C11: =VLOOKUP(B11,Table1[[Player]:[FP/G]],7,FALSE) -> 7.3413025 | D11: =COUNT($C$6:C11) -> 6 | E11: =C11-VLOOKUP($C$3,$B$6:$D$187,2,FALSE) -> 2.7075967
B12: Kyle Connor | C12: =VLOOKUP(B12,Table1[[Player]:[FP/G]],7,FALSE) -> 7.3295262 | D12: =COUNT($C$6:C12) -> 7 | E12: =C12-VLOOKUP($C$3,$B$6:$D$187,2,FALSE) -> 2.6958205
B13: Brady Tkachuk | C13: =VLOOKUP(B13,Table1[[Player]:[FP/G]],7,FALSE) -> 7.2044769 | D13: =COUNT($C$6:C13) -> 8 | E13: =C13-VLOOKUP($C$3,$B$6:$D$187,2,FALSE) -> 2.5707711
B14: Nikolaj Ehlers | C14: =VLOOKUP(B14,Table1[[Player]:[FP/G]],7,FALSE) -> 6.8403975 | D14: =COUNT($C$6:C14) -> 9 | E14: =C14-VLOOKUP($C$3,$B$6:$D$187,2,FALSE) -> 2.2066917
B15: Artemi Panarin | C15: =VLOOKUP(B15,Table1[[Player]:[FP/G]],7,FALSE) -> 6.7945152 | D15: =COUNT($C$6:C15) -> 10 | E15: =C15-VLOOKUP($C$3,$B$6:$D$187,2,FALSE) -> 2.1608094
B16: Clayton Keller | C16: =VLOOKUP(B16,Table1[[Player]:[FP/G]],7,FALSE) -> 6.7870783 | D16: =COUNT($C$6:C16) -> 11 | E16: =C16-VLOOKUP($C$3,$B$6:$D$187,2,FALSE) -> 2.1533725
B17: Cole Caufield | C17: =VLOOKUP(B17,Table1[[Player]:[FP/G]],7,FALSE) -> 6.7377075 | D17: =COUNT($C$6:C17) -> 12 | E17: =C17-VLOOKUP($C$3,$B$6:$D$187,2,FALSE) -> 2.1040017
B18: Jake Guentzel | C18: =VLOOKUP(B18,Table1[[Player]:[FP/G]],7,FALSE) -> 6.7335966 | D18: =COUNT($C$6:C18) -> 13 | E18: =C18-VLOOKUP($C$3,$B$6:$D$187,2,FALSE) -> 2.0998908
... B218: Joona Koppanen | C218: =VLOOKUP(B218,Table1[[Player]:[FP/G]],7,FALSE) -> 0.82911252 | D218: =COUNT($C$6:C218) -> 213 | E218: =C218-VLOOKUP($C$3,$B$6:$D$187,2,FALSE) -> -3.8045933

Sheet RW
B2: Replacement Rank: | C2: =14*4 -> 56
B3: Replacement Player: | C3: Gustav Nyquist
B5: Name | C5: FP/G | D5: Rank | E5: Above R
B6: {=_xlfn._xlws.FILTER(Table1[Player], ISNUMBER(SEARCH("RW", Table1[Position])))} -> Nikita Kucherov | C6: =VLOOKUP(B6,Table1[[Player]:[FP/G]],7,FALSE) -> 9.2602341 | D6: =COUNT($C$6:C6) -> 1 | E6: =C6-VLOOKUP($C$3,$B$6:$D$187,2,FALSE) -> 4.4703605
B7: David Pastrnak | C7: =VLOOKUP(B7,Table1[[Player]:[FP/G]],7,FALSE) -> 8.9336226 | D7: =COUNT($C$6:C7) -> 2 | E7: =C7-VLOOKUP($C$3,$B$6:$D$187,2,FALSE) -> 4.143749
B8: William Nylander | C8: =VLOOKUP(B8,Table1[[Player]:[FP/G]],7,FALSE) -> 8.384284 | D8: =COUNT($C$6:C8) -> 3 | E8: =C8-VLOOKUP($C$3,$B$6:$D$187,2,FALSE) -> 3.5944103
B9: Alex Ovechkin | C9: =VLOOKUP(B9,Table1[[Player]:[FP/G]],7,FALSE) -> 7.3698841 | D9: =COUNT($C$6:C9) -> 4 | E9: =C9-VLOOKUP($C$3,$B$6:$D$187,2,FALSE) -> 2.5800104
B10: Matt Boldy | C10: =VLOOKUP(B10,Table1[[Player]:[FP/G]],7,FALSE) -> 7.3413025 | D10: =COUNT($C$6:C10) -> 5 | E10: =C10-VLOOKUP($C$3,$B$6:$D$187,2,FALSE) -> 2.5514289
B11: Mikko Rantanen | C11: =VLOOKUP(B11,Table1[[Player]:[FP/G]],7,FALSE) -> 7.1259852 | D11: =COUNT($C$6:C11) -> 6 | E11: =C11-VLOOKUP($C$3,$B$6:$D$187,2,FALSE) -> 2.3361115
B12: Jesper Bratt | C12: =VLOOKUP(B12,Table1[[Player]:[FP/G]],7,FALSE) -> 7.0553915 | D12: =COUNT($C$6:C12) -> 7 | E12: =C12-VLOOKUP($C$3,$B$6:$D$187,2,FALSE) -> 2.2655179
B13: Mitch Marner | C13: =VLOOKUP(B13,Table1[[Player]:[FP/G]],7,FALSE) -> 7.0426547 | D13: =COUNT($C$6:C13) -> 8 | E13: =C13-VLOOKUP($C$3,$B$6:$D$187,2,FALSE) -> 2.2527811
B14: Adrian Kempe | C14: =VLOOKUP(B14,Table1[[Player]:[FP/G]],7,FALSE) -> 7.0364292 | D14: =COUNT($C$6:C14) -> 9 | E14: =C14-VLOOKUP($C$3,$B$6:$D$187,2,FALSE) -> 2.2465555
B15: Sam Reinhart | C15: =VLOOKUP(B15,Table1[[Player]:[FP/G]],7,FALSE) -> 6.8499157 | D15: =COUNT($C$6:C15) -> 10 | E15: =C15-VLOOKUP($C$3,$B$6:$D$187,2,FALSE) -> 2.060042
B16: Kirill Marchenko | C16: =VLOOKUP(B16,Table1[[Player]:[FP/G]],7,FALSE) -> 6.8436416 | D16: =COUNT($C$6:C16) -> 11 | E16: =C16-VLOOKUP($C$3,$B$6:$D$187,2,FALSE) -> 2.0537679
B17: Nikolaj Ehlers | C17: =VLOOKUP(B17,Table1[[Player]:[FP/G]],7,FALSE) -> 6.8403975 | D17: =COUNT($C$6:C17) -> 12 | E17: =C17-VLOOKUP($C$3,$B$6:$D$187,2,FALSE) -> 2.0505239
B18: Drake Batherson | C18: =VLOOKUP(B18,Table1[[Player]:[FP/G]],7,FALSE) -> 6.7550807 | D18: =COUNT($C$6:C18) -> 13 | E18: =C18-VLOOKUP($C$3,$B$6:$D$187,2,FALSE) -> 1.9652071
... B203: Jonas Rondbjerg | C203: =VLOOKUP(B203,Table1[[Player]:[FP/G]],7,FALSE) -> 0.65970864 | D203: =COUNT($C$6:C203) -> 198 | E203: =C203-VLOOKUP($C$3,$B$6:$D$187,2,FALSE) -> -4.130165

Sheet D
B2: Replacement Rank: | C2: =14*6 -> 84
B3: Replacement Player: | C3: Connor Murphy
B5: Name | C5: FP/G | D5: Rank | E5: Above R
B6: {=_xlfn._xlws.FILTER(Table1[Player], ISNUMBER(SEARCH("D", Table1[Position])))} -> Quinn Hughes | C6: =VLOOKUP(B6,Table1[[Player]:[FP/G]],7,FALSE) -> 7.2980954 | D6: =COUNT($C$6:C6) -> 1 | E6: =C6-VLOOKUP($C$3,$B$6:$D$187,2,FALSE) -> 4.1582913
B7: Cale Makar | C7: =VLOOKUP(B7,Table1[[Player]:[FP/G]],7,FALSE) -> 6.2836086 | D7: =COUNT($C$6:C7) -> 2 | E7: =C7-VLOOKUP($C$3,$B$6:$D$187,2,FALSE) -> 3.1438045
B8: Rasmus Dahlin | C8: =VLOOKUP(B8,Table1[[Player]:[FP/G]],7,FALSE) -> 6.2750003 | D8: =COUNT($C$6:C8) -> 3 | E8: =C8-VLOOKUP($C$3,$B$6:$D$187,2,FALSE) -> 3.1351962
B9: Zach Werenski | C9: =VLOOKUP(B9,Table1[[Player]:[FP/G]],7,FALSE) -> 6.2370565 | D9: =COUNT($C$6:C9) -> 4 | E9: =C9-VLOOKUP($C$3,$B$6:$D$187,2,FALSE) -> 3.0972524
B10: Evan Bouchard | C10: =VLOOKUP(B10,Table1[[Player]:[FP/G]],7,FALSE) -> 6.0412899 | D10: =COUNT($C$6:C10) -> 5 | E10: =C10-VLOOKUP($C$3,$B$6:$D$187,2,FALSE) -> 2.9014858
B11: Josh Morrissey | C11: =VLOOKUP(B11,Table1[[Player]:[FP/G]],7,FALSE) -> 5.6992032 | D11: =COUNT($C$6:C11) -> 6 | E11: =C11-VLOOKUP($C$3,$B$6:$D$187,2,FALSE) -> 2.5593991
B12: Jakob Chychrun | C12: =VLOOKUP(B12,Table1[[Player]:[FP/G]],7,FALSE) -> 5.4881934 | D12: =COUNT($C$6:C12) -> 7 | E12: =C12-VLOOKUP($C$3,$B$6:$D$187,2,FALSE) -> 2.3483893
B13: Thomas Harley | C13: =VLOOKUP(B13,Table1[[Player]:[FP/G]],7,FALSE) -> 5.3508661 | D13: =COUNT($C$6:C13) -> 8 | E13: =C13-VLOOKUP($C$3,$B$6:$D$187,2,FALSE) -> 2.2110621
B14: Victor Hedman | C14: =VLOOKUP(B14,Table1[[Player]:[FP/G]],7,FALSE) -> 5.3053751 | D14: =COUNT($C$6:C14) -> 9 | E14: =C14-VLOOKUP($C$3,$B$6:$D$187,2,FALSE) -> 2.165571
B15: Shayne Gostisbehere | C15: =VLOOKUP(B15,Table1[[Player]:[FP/G]],7,FALSE) -> 5.2154686 | D15: =COUNT($C$6:C15) -> 10 | E15: =C15-VLOOKUP($C$3,$B$6:$D$187,2,FALSE) -> 2.0756645
B16: Neal Pionk | C16: =VLOOKUP(B16,Table1[[Player]:[FP/G]],7,FALSE) -> 5.1805875 | D16: =COUNT($C$6:C16) -> 11 | E16: =C16-VLOOKUP($C$3,$B$6:$D$187,2,FALSE) -> 2.0407834
B17: Morgan Rielly | C17: =VLOOKUP(B17,Table1[[Player]:[FP/G]],7,FALSE) -> 5.1220651 | D17: =COUNT($C$6:C17) -> 12 | E17: =C17-VLOOKUP($C$3,$B$6:$D$187,2,FALSE) -> 1.982261
B18: Dougie Hamilton | C18: =VLOOKUP(B18,Table1[[Player]:[FP/G]],7,FALSE) -> 5.1134895 | D18: =COUNT($C$6:C18) -> 13 | E18: =C18-VLOOKUP($C$3,$B$6:$D$187,2,FALSE) -> 1.9736854
... B237: Robert Bortuzzo | C237: =VLOOKUP(B237,Table1[[Player]:[FP/G]],7,FALSE) -> 0.86561646 | D237: =COUNT($C$6:C237) -> 232 | E237: =C237-VLOOKUP($C$3,$B$6:$D$187,2,FALSE) -> -2.2741876

Sheet Replacement Results
B2: Name | C2: Status | D2: Position | E2: Age | F2: Replacement
B3: Nikita Kucherov | C3: =VLOOKUP(Table4[[#This Row],[Name]],Table1[[Player]:[Status]],4,FALSE) -> Abby | D3: =VLOOKUP(Table4[[#This Row],[Name]],Table1[[Player]:[FP/G]],3,FALSE) -> RW | E3: =VLOOKUP(Table4[[#This Row],[Name]],Table1[[Player]:[Age]],5,FALSE) -> 32 | F3: =MAX( _xlfn.IFNA(_xlfn.XLOOKUP(B3,'C'!B:B,'C'!E:E), -1000000000), _xlfn.IFNA(_xlfn.XLOOKUP(B3, LW!B:B, LW!E:E), -1000000000), _xlfn.IFNA(_xlfn.XLOOKUP(B3, RW!B:B, RW!E:E), -1000000000), _xlfn.IFNA(_xlfn.XLOOKUP(B3, D!B:B, D!E:E), -1000000000) ) -> 4.4703605
B4: Quinn Hughes | C4: =VLOOKUP(Table4[[#This Row],[Name]],Table1[[Player]:[Status]],4,FALSE) -> Nate | D4: =VLOOKUP(Table4[[#This Row],[Name]],Table1[[Player]:[FP/G]],3,FALSE) -> D | E4: =VLOOKUP(Table4[[#This Row],[Name]],Table1[[Player]:[Age]],5,FALSE) -> 25 | F4: =MAX( _xlfn.IFNA(_xlfn.XLOOKUP(B4,'C'!B:B,'C'!E:E), -1000000000), _xlfn.IFNA(_xlfn.XLOOKUP(B4, LW!B:B, LW!E:E), -1000000000), _xlfn.IFNA(_xlfn.XLOOKUP(B4, RW!B:B, RW!E:E), -1000000000), _xlfn.IFNA(_xlfn.XLOOKUP(B4, D!B:B, D!E:E), -1000000000) ) -> 4.1582913
B5: David Pastrnak | C5: =VLOOKUP(Table4[[#This Row],[Name]],Table1[[Player]:[Status]],4,FALSE) -> Daniel | D5: =VLOOKUP(Table4[[#This Row],[Name]],Table1[[Player]:[FP/G]],3,FALSE) -> RW | E5: =VLOOKUP(Table4[[#This Row],[Name]],Table1[[Player]:[Age]],5,FALSE) -> 29 | F5: =MAX( _xlfn.IFNA(_xlfn.XLOOKUP(B5,'C'!B:B,'C'!E:E), -1000000000), _xlfn.IFNA(_xlfn.XLOOKUP(B5, LW!B:B, LW!E:E), -1000000000), _xlfn.IFNA(_xlfn.XLOOKUP(B5, RW!B:B, RW!E:E), -1000000000), _xlfn.IFNA(_xlfn.XLOOKUP(B5, D!B:B, D!E:E), -1000000000) ) -> 4.143749
B6: Nathan MacKinnon | C6: =VLOOKUP(Table4[[#This Row],[Name]],Table1[[Player]:[Status]],4,FALSE) -> Joel | D6: =VLOOKUP(Table4[[#This Row],[Name]],Table1[[Player]:[FP/G]],3,FALSE) -> C | E6: =VLOOKUP(Table4[[#This Row],[Name]],Table1[[Player]:[Age]],5,FALSE) -> 30 | F6: =MAX( _xlfn.IFNA(_xlfn.XLOOKUP(B6,'C'!B:B,'C'!E:E), -1000000000), _xlfn.IFNA(_xlfn.XLOOKUP(B6, LW!B:B, LW!E:E), -1000000000), _xlfn.IFNA(_xlfn.XLOOKUP(B6, RW!B:B, RW!E:E), -1000000000), _xlfn.IFNA(_xlfn.XLOOKUP(B6, D!B:B, D!E:E), -1000000000) ) -> 3.9371458
B7: William Nylander | C7: =VLOOKUP(Table4[[#This Row],[Name]],Table1[[Player]:[Status]],4,FALSE) -> Murica | D7: =VLOOKUP(Table4[[#This Row],[Name]],Table1[[Player]:[FP/G]],3,FALSE) -> RW | E7: =VLOOKUP(Table4[[#This Row],[Name]],Table1[[Player]:[Age]],5,FALSE) -> 29 | F7: =MAX( _xlfn.IFNA(_xlfn.XLOOKUP(B7,'C'!B:B,'C'!E:E), -1000000000), _xlfn.IFNA(_xlfn.XLOOKUP(B7, LW!B:B, LW!E:E), -1000000000), _xlfn.IFNA(_xlfn.XLOOKUP(B7, RW!B:B, RW!E:E), -1000000000), _xlfn.IFNA(_xlfn.XLOOKUP(B7, D!B:B, D!E:E), -1000000000) ) -> 3.5944103
B8: Brayden Point | C8: =VLOOKUP(Table4[[#This Row],[Name]],Table1[[Player]:[Status]],4,FALSE) -> Jason | D8: =VLOOKUP(Table4[[#This Row],[Name]],Table1[[Player]:[FP/G]],3,FALSE) -> C | E8: =VLOOKUP(Table4[[#This Row],[Name]],Table1[[Player]:[Age]],5,FALSE) -> 29 | F8: =MAX( _xlfn.IFNA(_xlfn.XLOOKUP(B8,'C'!B:B,'C'!E:E), -1000000000), _xlfn.IFNA(_xlfn.XLOOKUP(B8, LW!B:B, LW!E:E), -1000000000), _xlfn.IFNA(_xlfn.XLOOKUP(B8, RW!B:B, RW!E:E), -1000000000), _xlfn.IFNA(_xlfn.XLOOKUP(B8, D!B:B, D!E:E), -1000000000) ) -> 3.5620913
B9: Jack Hughes | C9: =VLOOKUP(Table4[[#This Row],[Name]],Table1[[Player]:[Status]],4,FALSE) -> Jason | D9: =VLOOKUP(Table4[[#This Row],[Name]],Table1[[Player]:[FP/G]],3,FALSE) -> C,LW | E9: =VLOOKUP(Table4[[#This Row],[Name]],Table1[[Player]:[Age]],5,FALSE) -> 24 | F9: =MAX( _xlfn.IFNA(_xlfn.XLOOKUP(B9,'C'!B:B,'C'!E:E), -1000000000), _xlfn.IFNA(_xlfn.XLOOKUP(B9, LW!B:B, LW!E:E), -1000000000), _xlfn.IFNA(_xlfn.XLOOKUP(B9, RW!B:B, RW!E:E), -1000000000), _xlfn.IFNA(_xlfn.XLOOKUP(B9, D!B:B, D!E:E), -1000000000) ) -> 3.5619284
B10: Connor McDavid | C10: =VLOOKUP(Table4[[#This Row],[Name]],Table1[[Player]:[Status]],4,FALSE) -> Joel | D10: =VLOOKUP(Table4[[#This Row],[Name]],Table1[[Player]:[FP/G]],3,FALSE) -> C | E10: =VLOOKUP(Table4[[#This Row],[Name]],Table1[[Player]:[Age]],5,FALSE) -> 28 | F10: =MAX( _xlfn.IFNA(_xlfn.XLOOKUP(B10,'C'!B:B,'C'!E:E), -1000000000), _xlfn.IFNA(_xlfn.XLOOKUP(B10, LW!B:B, LW!E:E), -1000000000), _xlfn.IFNA(_xlfn.XLOOKUP(B10, RW!B:B, RW!E:E), -1000000000), _xlfn.IFNA(_xlfn.XLOOKUP(B10, D!B:B, D!E:E), -1000000000) ) -> 3.4372052
B11: Auston Matthews | C11: =VLOOKUP(Table4[[#This Row],[Name]],Table1[[Player]:[Status]],4,FALSE) -> Adam | D11: =VLOOKUP(Table4[[#This Row],[Name]],Table1[[Player]:[FP/G]],3,FALSE) -> C | E11: =VLOOKUP(Table4[[#This Row],[Name]],Table1[[Player]:[Age]],5,FALSE) -> 28 | F11: =MAX( _xlfn.IFNA(_xlfn.XLOOKUP(B11,'C'!B:B,'C'!E:E), -1000000000), _xlfn.IFNA(_xlfn.XLOOKUP(B11, LW!B:B, LW!E:E), -1000000000), _xlfn.IFNA(_xlfn.XLOOKUP(B11, RW!B:B, RW!E:E), -1000000000), _xlfn.IFNA(_xlfn.XLOOKUP(B11, D!B:B, D!E:E), -1000000000) ) -> 3.3355173
B12: Leon Draisaitl | C12: =VLOOKUP(Table4[[#This Row],[Name]],Table1[[Player]:[Status]],4,FALSE) -> Seth | D12: =VLOOKUP(Table4[[#This Row],[Name]],Table1[[Player]:[FP/G]],3,FALSE) -> C,LW | E12: =VLOOKUP(Table4[[#This Row],[Name]],Table1[[Player]:[Age]],5,FALSE) -> 29 | F12: =MAX( _xlfn.IFNA(_xlfn.XLOOKUP(B12,'C'!B:B,'C'!E:E), -1000000000), _xlfn.IFNA(_xlfn.XLOOKUP(B12, LW!B:B, LW!E:E), -1000000000), _xlfn.IFNA(_xlfn.XLOOKUP(B12, RW!B:B, RW!E:E), -1000000000), _xlfn.IFNA(_xlfn.XLOOKUP(B12, D!B:B, D!E:E), -1000000000) ) -> 3.2235718
B13: Cale Makar | C13: =VLOOKUP(Table4[[#This Row],[Name]],Table1[[Player]:[Status]],4,FALSE) -> Joel | D13: =VLOOKUP(Table4[[#This Row],[Name]],Table1[[Player]:[FP/G]],3,FALSE) -> D | E13: =VLOOKUP(Table4[[#This Row],[Name]],Table1[[Player]:[Age]],5,FALSE) -> 26 | F13: =MAX( _xlfn.IFNA(_xlfn.XLOOKUP(B13,'C'!B:B,'C'!E:E), -1000000000), _xlfn.IFNA(_xlfn.XLOOKUP(B13, LW!B:B, LW!E:E), -1000000000), _xlfn.IFNA(_xlfn.XLOOKUP(B13, RW!B:B, RW!E:E), -1000000000), _xlfn.IFNA(_xlfn.XLOOKUP(B13, D!B:B, D!E:E), -1000000000) ) -> 3.1438045
B14: Rasmus Dahlin | C14: =VLOOKUP(Table4[[#This Row],[Name]],Table1[[Player]:[Status]],4,FALSE) -> Murica | D14: =VLOOKUP(Table4[[#This Row],[Name]],Table1[[Player]:[FP/G]],3,FALSE) -> D | E14: =VLOOKUP(Table4[[#This Row],[Name]],Table1[[Player]:[Age]],5,FALSE) -> 25 | F14: =MAX( _xlfn.IFNA(_xlfn.XLOOKUP(B14,'C'!B:B,'C'!E:E), -1000000000), _xlfn.IFNA(_xlfn.XLOOKUP(B14, LW!B:B, LW!E:E), -1000000000), _xlfn.IFNA(_xlfn.XLOOKUP(B14, RW!B:B, RW!E:E), -1000000000), _xlfn.IFNA(_xlfn.XLOOKUP(B14, D!B:B, D!E:E), -1000000000) ) -> 3.1351962
... B648: Jonas Rondbjerg | C648: =VLOOKUP(Table4[[#This Row],[Name]],Table1[[Player]:[Status]],4,FALSE) -> W <small>(Mon)</small> | D648: =VLOOKUP(Table4[[#This Row],[Name]],Table1[[Player]:[FP/G]],3,FALSE) -> RW | E648: =VLOOKUP(Table4[[#This Row],[Name]],Table1[[Player]:[Age]],5,FALSE) -> 26 | F648: =MAX( _xlfn.IFNA(_xlfn.XLOOKUP(B648,'C'!B:B,'C'!E:E), -1000000000), _xlfn.IFNA(_xlfn.XLOOKUP(B648, LW!B:B, LW!E:E), -1000000000), _xlfn.IFNA(_xlfn.XLOOKUP(B648, RW!B:B, RW!E:E), -1000000000), _xlfn.IFNA(_xlfn.XLOOKUP(B648, D!B:B, D!E:E), -1000000000) ) -> -4.130165

Sheet Model Evaluation
A1: ID | B1: Player | C1: E - FPts | D1: E - FP/G | E1: FPts | F1: FP/G | G1: D - FPts | H1: D - FP/G
A2: *004nk* | B2: Logan Couture | C2: =VLOOKUP(A2,'Overall Results'!$B$2:$I$543,9,FALSE) -> #N/A | D2: =VLOOKUP(A2,'Overall Results'!$B$2:$I$543,10,FALSE) -> #N/A | E2: 14.65 | F2: 2.44 | G2: =ABS(Table2[[#This Row],[E - FPts]]-Table2[[#This Row],[FPts]]) -> #N/A | H2: =ABS(Table2[[#This Row],[E - FP/G]]-Table2[[#This Row],[FP/G]]) -> #N/A
A3: *02yjn* | B3: Nick Ritchie | C3: =VLOOKUP(A3,'Overall Results'!$B$2:$I$543,9,FALSE) -> #N/A | D3: =VLOOKUP(A3,'Overall Results'!$B$2:$I$543,10,FALSE) -> #N/A | E3: 0 | F3: 0 | G3: =ABS(Table2[[#This Row],[E - FPts]]-Table2[[#This Row],[FPts]]) -> #N/A | H3: =ABS(Table2[[#This Row],[E - FP/G]]-Table2[[#This Row],[FP/G]]) -> #N/A
A4: *04lby* | B4: Ty Smith | C4: =VLOOKUP(A4,'Overall Results'!$B$2:$I$543,9,FALSE) -> #N/A | D4: =VLOOKUP(A4,'Overall Results'!$B$2:$I$543,10,FALSE) -> #N/A | E4: 0 | F4: 0 | G4: =ABS(Table2[[#This Row],[E - FPts]]-Table2[[#This Row],[FPts]]) -> #N/A | H4: =ABS(Table2[[#This Row],[E - FP/G]]-Table2[[#This Row],[FP/G]]) -> #N/A
A5: *03dug* | B5: Tony DeAngelo | C5: =VLOOKUP(A5,'Overall Results'!$B$2:$I$543,9,FALSE) -> #REF! | D5: =VLOOKUP(A5,'Overall Results'!$B$2:$I$543,10,FALSE) -> #REF! | E5: 90.8 | F5: 2.93 | G5: =ABS(Table2[[#This Row],[E - FPts]]-Table2[[#This Row],[FPts]]) -> #REF! | H5: =ABS(Table2[[#This Row],[E - FP/G]]-Table2[[#This Row],[FP/G]]) -> #REF!
A6: *03rie* | B6: Rudolfs Balcers | C6: =VLOOKUP(A6,'Overall Results'!$B$2:$I$543,9,FALSE) -> #N/A | D6: =VLOOKUP(A6,'Overall Results'!$B$2:$I$543,10,FALSE) -> #N/A | E6: 0 | F6: 0 | G6: =ABS(Table2[[#This Row],[E - FPts]]-Table2[[#This Row],[FPts]]) -> #N/A | H6: =ABS(Table2[[#This Row],[E - FP/G]]-Table2[[#This Row],[FP/G]]) -> #N/A
A7: *02422* | B7: Ryan Nugent-Hopkins | C7: =VLOOKUP(A7,'Overall Results'!$B$2:$I$543,9,FALSE) -> #REF! | D7: =VLOOKUP(A7,'Overall Results'!$B$2:$I$543,10,FALSE) -> #REF! | E7: 463.6 | F7: 5.79 | G7: =ABS(Table2[[#This Row],[E - FPts]]-Table2[[#This Row],[FPts]]) -> #REF! | H7: =ABS(Table2[[#This Row],[E - FP/G]]-Table2[[#This Row],[FP/G]]) -> #REF!
A8: *01zu8* | B8: John Klingberg | C8: =VLOOKUP(A8,'Overall Results'!$B$2:$I$543,9,FALSE) -> #N/A | D8: =VLOOKUP(A8,'Overall Results'!$B$2:$I$543,10,FALSE) -> #N/A | E8: 39.55 | F8: 2.82 | G8: =ABS(Table2[[#This Row],[E - FPts]]-Table2[[#This Row],[FPts]]) -> #N/A | H8: =ABS(Table2[[#This Row],[E - FP/G]]-Table2[[#This Row],[FP/G]]) -> #N/A
A9: *03wpi* | B9: Pierre-Luc Dubois | C9: =VLOOKUP(A9,'Overall Results'!$B$2:$I$543,9,FALSE) -> #REF! | D9: =VLOOKUP(A9,'Overall Results'!$B$2:$I$543,10,FALSE) -> #REF! | E9: 334.2 | F9: 4.08 | G9: =ABS(Table2[[#This Row],[E - FPts]]-Table2[[#This Row],[FPts]]) -> #REF! | H9: =ABS(Table2[[#This Row],[E - FP/G]]-Table2[[#This Row],[FP/G]]) -> #REF!
A10: *031v2* | B10: Andreas Johnsson | C10: =VLOOKUP(A10,'Overall Results'!$B$2:$I$543,9,FALSE) -> #N/A | D10: =VLOOKUP(A10,'Overall Results'!$B$2:$I$543,10,FALSE) -> #N/A | E10: 0 | F10: 0 | G10: =ABS(Table2[[#This Row],[E - FPts]]-Table2[[#This Row],[FPts]]) -> #N/A | H10: =ABS(Table2[[#This Row],[E - FP/G]]-Table2[[#This Row],[FP/G]]) -> #N/A
A11: *04zb7* | B11: Ville Heinola | C11: =VLOOKUP(A11,'Overall Results'!$B$2:$I$543,9,FALSE) -> #N/A | D11: =VLOOKUP(A11,'Overall Results'!$B$2:$I$543,10,FALSE) -> #N/A | E11: 0 | F11: 0 | G11: =ABS(Table2[[#This Row],[E - FPts]]-Table2[[#This Row],[FPts]]) -> #N/A | H11: =ABS(Table2[[#This Row],[E - FP/G]]-Table2[[#This Row],[FP/G]]) -> #N/A
A12: *03v70* | B12: Alex DeBrincat | C12: =VLOOKUP(A12,'Overall Results'!$B$2:$I$543,9,FALSE) -> #REF! | D12: =VLOOKUP(A12,'Overall Results'!$B$2:$I$543,10,FALSE) -> #REF! | E12: 519.4 | F12: 6.33 | G12: =ABS(Table2[[#This Row],[E - FPts]]-Table2[[#This Row],[FPts]]) -> #REF! | H12: =ABS(Table2[[#This Row],[E - FP/G]]-Table2[[#This Row],[FP/G]]) -> #REF!
A13: *01mza* | B13: Tyson Barrie | C13: =VLOOKUP(A13,'Overall Results'!$B$2:$I$543,9,FALSE) -> #N/A | D13: =VLOOKUP(A13,'Overall Results'!$B$2:$I$543,10,FALSE) -> #N/A | E13: 134 | F13: 3.27 | G13: =ABS(Table2[[#This Row],[E - FPts]]-Table2[[#This Row],[FPts]]) -> #N/A | H13: =ABS(Table2[[#This Row],[E - FP/G]]-Table2[[#This Row],[FP/G]]) -> #N/A
... A646: *03bfj* | B646: Artemi Panarin | C646: =VLOOKUP(A646,'Overall Results'!$B$2:$I$543,9,FALSE) -> #REF! | D646: =VLOOKUP(A646,'Overall Results'!$B$2:$I$543,10,FALSE) -> #REF! | E646: 801.1 | F646: 9.77 | G646: =ABS(Table2[[#This Row],[E - FPts]]-Table2[[#This Row],[FPts]]) -> #REF! | H646: =ABS(Table2[[#This Row],[E - FP/G]]-Table2[[#This Row],[FP/G]]) -> #REF!
